{
  "css": {
    "properties": {
      "-webkit-mask-attachment": {
        "__compat": {
          "mdn_url": "https://developer.mozilla.org/docs/Web/CSS/-webkit-mask-attachment",
          "support": {
            "chrome": {
              "version_added": "1",
              "version_removed": "24"
            },
            "chrome_android": {
              "version_added": "18",
              "version_removed": "25"
            },
            "edge": {
              "version_added": false
            },
            "firefox": {
              "version_added": false
            },
            "firefox_android": {
              "version_added": false
            },
            "ie": {
              "version_added": false
            },
            "opera": {
              "version_added": false
            },
            "opera_android": {
              "version_added": false
            },
            "safari": {
              "version_added": "4"
            },
            "safari_ios": {
              "version_added": "3.2"
            },
            "samsunginternet_android": {
              "version_added": true,
              "version_removed": true
            },
            "webview_android": {
              "version_added": true,
              "version_removed": "37"
            }
          },
          "status": {
            "experimental": false,
            "standard_track": false,
            "deprecated": false
          }
        }
      }
    }
  }
}
