{
  "css": {
    "properties": {
      "border-block-end": {
        "__compat": {
          "mdn_url": "https://developer.mozilla.org/docs/Web/CSS/border-block-end",
          "support": {
            "chrome": {
              "version_added": "69"
            },
            "edge": {
              "version_added": false
            },
            "firefox": [
              {
                "version_added": "41"
              },
              {
                "version_added": "38",
                "version_removed": "51",
                "flags": [
                  {
                    "type": "preference",
                    "name": "layout.css.vertical-text.enabled",
                    "value_to_set": "true"
                  }
                ]
              }
            ],
            "firefox_android": [
              {
                "version_added": "41"
              },
              {
                "version_added": "38",
                "version_removed": "51",
                "flags": [
                  {
                    "type": "preference",
                    "name": "layout.css.vertical-text.enabled",
                    "value_to_set": "true"
                  }
                ]
              }
            ],
            "ie": {
              "version_added": false
            },
            "opera": {
              "version_added": false
            },
            "opera_android": {
              "version_added": false
            },
            "safari": {
              "version_added": "12.1"
            },
            "safari_ios": {
              "version_added": "12.2"
            },
            "webview_android": {
              "version_added": "69"
            }
          },
          "status": {
            "experimental": true,
            "standard_track": true,
            "deprecated": false
          }
        }
      }
    }
  }
}
