{
  "css": {
    "properties": {
      "border-block-color": {
        "__compat": {
          "mdn_url": "https://developer.mozilla.org/docs/Web/CSS/border-block-color",
          "support": {
            "chrome": {
              "version_added": "69",
              "flags": [
                {
                  "type": "preference",
                  "name": "Experimental Web Platform Features",
                  "value_to_set": "enabled"
                }
              ]
            },
            "chrome_android": {
              "version_added": "69"
            },
            "edge": {
              "version_added": false
            },
            "firefox": {
              "version_added": "66"
            },
            "firefox_android": {
              "version_added": "66"
            },
            "ie": {
              "version_added": false
            },
            "opera": {
              "version_added": false
            },
            "opera_android": {
              "version_added": false
            },
            "safari": {
              "version_added": false
            },
            "safari_ios": {
              "version_added": false
            },
            "samsunginternet_android": {
              "version_added": false
            },
            "webview_android": {
              "version_added": "69"
            }
          },
          "status": {
            "experimental": true,
            "standard_track": true,
            "deprecated": false
          }
        }
      }
    }
  }
}
