{
  "css": {
    "properties": {
      "border-image-repeat": {
        "__compat": {
          "mdn_url": "https://developer.mozilla.org/docs/Web/CSS/border-image-repeat",
          "support": {
            "chrome": {
              "version_added": "15"
            },
            "edge": {
              "version_added": "12"
            },
            "firefox": {
              "version_added": "15"
            },
            "firefox_android": {
              "version_added": "15"
            },
            "ie": {
              "version_added": "11"
            },
            "opera": {
              "version_added": "15"
            },
            "safari": {
              "version_added": "6"
            },
            "safari_ios": {
              "version_added": "9.3"
            }
          },
          "status": {
            "experimental": false,
            "standard_track": true,
            "deprecated": false
          }
        },
        "round": {
          "__compat": {
            "description": "<code>round</code>",
            "support": {
              "chrome": {
                "version_added": "30"
              },
              "edge": {
                "version_added": "12"
              },
              "firefox": {
                "version_added": "15"
              },
              "firefox_android": {
                "version_added": "15"
              },
              "ie": {
                "version_added": "11"
              },
              "opera": {
                "version_added": "17"
              },
              "safari": {
                "version_added": "9.1"
              }
            },
            "status": {
              "experimental": false,
              "standard_track": true,
              "deprecated": false
            }
          }
        },
        "space": {
          "__compat": {
            "description": "<code>space</code>",
            "support": {
              "chrome": {
                "version_added": "56"
              },
              "edge": {
                "version_added": "12"
              },
              "firefox": {
                "version_added": "50"
              },
              "firefox_android": {
                "version_added": "50"
              },
              "ie": {
                "version_added": "11"
              },
              "opera": {
                "version_added": false
              },
              "safari": {
                "version_added": "9.1"
              }
            },
            "status": {
              "experimental": false,
              "standard_track": true,
              "deprecated": false
            }
          }
        }
      }
    }
  }
}
