{
  "css": {
    "properties": {
      "border-image-slice": {
        "__compat": {
          "mdn_url": "https://developer.mozilla.org/docs/Web/CSS/border-image-slice",
          "support": {
            "chrome": {
              "version_added": "15"
            },
            "chrome_android": {
              "version_added": "18"
            },
            "edge": {
              "version_added": "12"
            },
            "firefox": {
              "version_added": "15",
              "notes": [
                "Small SVGs are incorrectly stretched, because percentages in <a href='https://developer.mozilla.org/docs/Web/CSS/border-image-slice'><code>border-image-slice</code></a> are computed to integers instead of floats (<a href='https://bugzil.la/1284797'>bug 1284797</a>).",
                "Until Firefox 47, SVGs without viewport were not sliced correctly (<a href='https://bugzil.la/619500'>bug 619500</a>).",
                "From Firefox 48 until Firefox 49, SVGs without viewport are displayed the same as SVGs with viewport, but if the slices are not exactly 50%, they are incorrectly stretched (<a href='https://bugzil.la/1264809' >bug 1264809</a>).",
                "Until Firefox 57, an issue persisted for SVGs without viewport when <a href='https://wiki.mozilla.org/Electrolysis'>e10s</a> was disabled (<a href='https://bugzil.la/1290782'>bug 1290782</a>)."
              ]
            },
            "firefox_android": {
              "version_added": "15",
              "notes": [
                "Small SVGs are incorrectly stretched, because percentages in <a href='https://developer.mozilla.org/docs/Web/CSS/border-image-slice'><code>border-image-slice</code></a> are computed to integers instead of floats (<a href='https://bugzil.la/1284797'>bug 1284797</a>).",
                "Until Firefox 47, SVGs without viewport were not sliced correctly (<a href='https://bugzil.la/619500'>bug 619500</a>).",
                "From Firefox 48 until Firefox 49, SVGs without viewport are displayed the same as SVGs with viewport, but if the slices are not exactly 50%, they are incorrectly stretched (<a href='https://bugzil.la/1264809' >bug 1264809</a>).",
                "Until Firefox 57, an issue persisted for SVGs without viewport when <a href='https://wiki.mozilla.org/Electrolysis'>e10s</a> was disabled (<a href='https://bugzil.la/1290782'>bug 1290782</a>)."
              ]
            },
            "ie": {
              "version_added": "11"
            },
            "opera": {
              "version_added": "15"
            },
            "safari": {
              "version_added": "6"
            },
            "samsunginternet_android": {
              "version_added": null
            },
            "webview_android": {
              "prefix": "-webkit-",
              "version_added": "4.1"
            }
          },
          "status": {
            "experimental": false,
            "standard_track": true,
            "deprecated": false
          }
        }
      }
    }
  }
}
