{
  "css": {
    "properties": {
      "border-collapse": {
        "__compat": {
          "mdn_url": "https://developer.mozilla.org/docs/Web/CSS/border-collapse",
          "support": {
            "chrome": {
              "version_added": "1"
            },
            "edge": {
              "version_added": "12"
            },
            "firefox": {
              "version_added": "1"
            },
            "firefox_android": {
              "version_added": "4"
            },
            "ie": {
              "version_added": "5"
            },
            "opera": {
              "version_added": "4"
            },
            "opera_android": {
              "version_added": "10.1"
            },
            "safari": {
              "version_added": "1.2"
            },
            "safari_ios": {
              "version_added": "3"
            },
            "webview_android": {
              "version_added": "2.3"
            }
          },
          "status": {
            "experimental": false,
            "standard_track": true,
            "deprecated": false
          }
        }
      }
    }
  }
}
