{
  "css": {
    "properties": {
      "clip": {
        "__compat": {
          "mdn_url": "https://developer.mozilla.org/docs/Web/CSS/clip",
          "support": {
            "chrome": {
              "version_added": "1"
            },
            "chrome_android": {
              "version_added": "18"
            },
            "edge": {
              "version_added": "12"
            },
            "firefox": {
              "version_added": "1"
            },
            "firefox_android": {
              "version_added": "4"
            },
            "ie": {
              "version_added": "4",
              "notes": "Before Internet Explorer 7, Internet Explorer incorrectly interprets <code>clip: auto</code> as <code>clip: rect(auto, auto, auto, auto)</code>."
            },
            "opera": {
              "version_added": "7"
            },
            "opera_android": {
              "version_added": null
            },
            "safari": {
              "version_added": "1",
              "notes": "Safari incorrectly interprets <code>clip: auto</code> as <code>clip: rect(auto, auto, auto, auto)</code>."
            },
            "safari_ios": {
              "version_added": null
            },
            "samsunginternet_android": {
              "version_added": null
            },
            "webview_android": {
              "version_added": "37"
            }
          },
          "status": {
            "experimental": false,
            "standard_track": true,
            "deprecated": true
          }
        }
      }
    }
  }
}
