{
  "css": {
    "properties": {
      "column-gap": {
        "flex_context": {
          "__compat": {
            "description": "Supported in Flex Layout",
            "mdn_url": "https://developer.mozilla.org/docs/Web/CSS/column-gap",
            "support": {
              "chrome": {
                "version_added": false
              },
              "chrome_android": {
                "version_added": false
              },
              "edge": {
                "version_added": false
              },
              "firefox": {
                "version_added": "63"
              },
              "firefox_android": {
                "version_added": "63"
              },
              "ie": {
                "version_added": false
              },
              "opera": {
                "version_added": false
              },
              "opera_android": {
                "version_added": false
              },
              "qq_android": {
                "version_added": null
              },
              "safari": {
                "version_added": "3",
                "prefix": "-webkit-"
              },
              "safari_ios": {
                "version_added": "2",
                "prefix": "-webkit-"
              },
              "samsunginternet_android": {
                "version_added": false
              },
              "uc_android": {
                "version_added": false
              },
              "uc_chinese_android": {
                "version_added": false
              },
              "webview_android": {
                "version_added": false
              }
            },
            "status": {
              "experimental": false,
              "standard_track": true,
              "deprecated": false
            }
          }
        },
        "grid_context": {
          "__compat": {
            "description": "Supported in Grid Layout",
            "mdn_url": "https://developer.mozilla.org/docs/Web/CSS/column-gap",
            "support": {
              "chrome": [
                {
                  "version_added": "66"
                },
                {
                  "version_added": "57",
                  "alternative_name": "grid-gap"
                },
                {
                  "version_added": "29",
                  "alternative_name": "grid-gap",
                  "flags": [
                    {
                      "type": "preference",
                      "name": "Enable experimental Web Platform features"
                    }
                  ]
                }
              ],
              "chrome_android": [
                {
                  "version_added": "66"
                },
                {
                  "version_added": "57",
                  "alternative_name": "grid-gap"
                },
                {
                  "version_added": "29",
                  "alternative_name": "grid-gap",
                  "flags": [
                    {
                      "type": "preference",
                      "name": "Enable experimental Web Platform features"
                    }
                  ]
                }
              ],
              "edge": [
                {
                  "version_added": "16"
                },
                {
                  "version_added": "16",
                  "alternative_name": "grid-gap"
                }
              ],
              "firefox": [
                {
                  "version_added": "61"
                },
                {
                  "version_added": "52",
                  "alternative_name": "grid-gap"
                },
                {
                  "version_added": "40",
                  "version_removed": "59",
                  "alternative_name": "grid-gap",
                  "flags": [
                    {
                      "type": "preference",
                      "name": "layout.css.grid.enabled",
                      "value_to_set": "true"
                    }
                  ]
                }
              ],
              "firefox_android": [
                {
                  "version_added": "61"
                },
                {
                  "version_added": "52",
                  "alternative_name": "grid-gap"
                },
                {
                  "version_added": "40",
                  "version_removed": "59",
                  "alternative_name": "grid-gap",
                  "flags": [
                    {
                      "type": "preference",
                      "name": "layout.css.grid.enabled",
                      "value_to_set": "true"
                    }
                  ]
                }
              ],
              "ie": {
                "version_added": false
              },
              "opera": [
                {
                  "version_added": "53"
                },
                {
                  "version_added": "44",
                  "alternative_name": "grid-gap"
                },
                {
                  "version_added": "28",
                  "alternative_name": "grid-gap",
                  "flags": [
                    {
                      "type": "preference",
                      "name": "Enable experimental Web Platform features"
                    }
                  ]
                }
              ],
              "opera_android": [
                {
                  "version_added": "47"
                },
                {
                  "version_added": "43",
                  "alternative_name": "grid-gap"
                },
                {
                  "version_added": "28",
                  "alternative_name": "grid-gap",
                  "flags": [
                    {
                      "type": "preference",
                      "name": "Enable experimental Web Platform features"
                    }
                  ]
                }
              ],
              "qq_android": {
                "version_added": null
              },
              "safari": {
                "version_added": "10.1",
                "alternative_name": "grid-gap"
              },
              "safari_ios": {
                "version_added": "10.3",
                "alternative_name": "grid-gap"
              },
              "samsunginternet_android": {
                "version_added": "6.0",
                "alternative_name": "grid-gap"
              },
              "uc_android": {
                "version_added": null
              },
              "uc_chinese_android": {
                "version_added": null
              },
              "webview_android": [
                {
                  "version_added": "66"
                },
                {
                  "version_added": "57",
                  "alternative_name": "grid-gap"
                },
                {
                  "version_added": "4.4",
                  "alternative_name": "grid-gap",
                  "flags": [
                    {
                      "type": "preference",
                      "name": "Enable experimental Web Platform features"
                    }
                  ]
                }
              ]
            },
            "status": {
              "experimental": false,
              "standard_track": true,
              "deprecated": false
            }
          }
        },
        "multicol_context": {
          "__compat": {
            "description": "Supported in Multi-column Layout",
            "mdn_url": "https://developer.mozilla.org/docs/Web/CSS/column-gap",
            "support": {
              "chrome": [
                {
                  "version_added": "50"
                },
                {
                  "prefix": "-webkit-",
                  "version_added": "1"
                }
              ],
              "chrome_android": [
                {
                  "version_added": "50"
                },
                {
                  "prefix": "-webkit-",
                  "version_added": "18"
                }
              ],
              "edge": [
                {
                  "version_added": "12"
                },
                {
                  "prefix": "-webkit-",
                  "version_added": "12"
                }
              ],
              "firefox": [
                {
                  "version_added": "52"
                },
                {
                  "prefix": "-moz-",
                  "version_added": "1.5",
                  "notes": "Before Firefox 3, the default value for the <code>normal</code> keyword was <code>0</code> and not <code>1em</code>."
                }
              ],
              "firefox_android": [
                {
                  "version_added": "52"
                },
                {
                  "prefix": "-moz-",
                  "version_added": "4"
                }
              ],
              "ie": {
                "version_added": "10"
              },
              "opera": [
                {
                  "version_added": "37"
                },
                {
                  "prefix": "-webkit-",
                  "version_added": "15"
                },
                {
                  "version_added": "11.1",
                  "version_removed": "15"
                }
              ],
              "opera_android": [
                {
                  "version_added": "37"
                },
                {
                  "prefix": "-webkit-",
                  "version_added": "14"
                },
                {
                  "version_added": "11.1",
                  "version_removed": "14"
                }
              ],
              "qq_android": {
                "version_added": null
              },
              "safari": [
                {
                  "version_added": "10"
                },
                {
                  "prefix": "-webkit-",
                  "version_added": "3"
                }
              ],
              "safari_ios": [
                {
                  "version_added": "10"
                },
                {
                  "prefix": "-webkit-",
                  "version_added": "3"
                }
              ],
              "samsunginternet_android": [
                {
                  "version_added": "5.0"
                },
                {
                  "prefix": "-webkit-",
                  "version_added": "1.0"
                }
              ],
              "uc_android": {
                "version_added": null
              },
              "uc_chinese_android": {
                "version_added": null
              },
              "webview_android": [
                {
                  "version_added": "50"
                },
                {
                  "prefix": "-webkit-",
                  "version_added": true
                }
              ]
            },
            "status": {
              "experimental": false,
              "standard_track": true,
              "deprecated": false
            }
          },
          "percentage_values": {
            "__compat": {
              "description": "<code>&lt;percentage&gt;</code> values",
              "support": {
                "chrome": {
                  "version_added": "66"
                },
                "chrome_android": {
                  "version_added": "66"
                },
                "edge": {
                  "version_added": "16"
                },
                "firefox": {
                  "version_added": "61"
                },
                "firefox_android": {
                  "version_added": "61"
                },
                "ie": {
                  "version_added": false
                },
                "opera": {
                  "version_added": "53"
                },
                "opera_android": {
                  "version_added": "47"
                },
                "qq_android": {
                  "version_added": false
                },
                "safari": {
                  "version_added": false
                },
                "safari_ios": {
                  "version_added": false
                },
                "samsunginternet_android": {
                  "version_added": false
                },
                "uc_android": {
                  "version_added": false
                },
                "uc_chinese_android": {
                  "version_added": false
                },
                "webview_android": {
                  "version_added": "66"
                }
              },
              "status": {
                "experimental": true,
                "standard_track": true,
                "deprecated": false
              }
            }
          },
          "calc_values": {
            "__compat": {
              "description": "<code>calc()</code> values",
              "support": {
                "chrome": {
                  "version_added": "66"
                },
                "chrome_android": {
                  "version_added": "66"
                },
                "edge": {
                  "version_added": "16"
                },
                "firefox": {
                  "version_added": "61"
                },
                "firefox_android": {
                  "version_added": "61"
                },
                "ie": {
                  "version_added": false
                },
                "opera": {
                  "version_added": "53"
                },
                "opera_android": {
                  "version_added": "47"
                },
                "qq_android": {
                  "version_added": false
                },
                "safari": {
                  "version_added": false
                },
                "safari_ios": {
                  "version_added": false
                },
                "samsunginternet_android": {
                  "version_added": false
                },
                "uc_android": {
                  "version_added": false
                },
                "uc_chinese_android": {
                  "version_added": false
                },
                "webview_android": {
                  "version_added": "66"
                }
              },
              "status": {
                "experimental": true,
                "standard_track": true,
                "deprecated": false
              }
            }
          }
        }
      }
    }
  }
}
