{
  "css": {
    "properties": {
      "column-count": {
        "__compat": {
          "mdn_url": "https://developer.mozilla.org/docs/Web/CSS/column-count",
          "support": {
            "chrome": [
              {
                "version_added": "50"
              },
              {
                "prefix": "-webkit-",
                "version_added": "1"
              }
            ],
            "chrome_android": [
              {
                "version_added": "50"
              },
              {
                "prefix": "-webkit-",
                "version_added": "18"
              }
            ],
            "edge": [
              {
                "version_added": "12"
              },
              {
                "prefix": "-webkit-",
                "version_added": "12"
              }
            ],
            "firefox": [
              {
                "version_added": "52"
              },
              {
                "prefix": "-moz-",
                "version_added": "1.5",
                "notes": "Prior to version 37, multiple columns didn't work with <code>display: table-caption</code> elements."
              }
            ],
            "firefox_android": [
              {
                "version_added": "52"
              },
              {
                "prefix": "-moz-",
                "version_added": "4",
                "notes": "Prior to version 37, multiple columns didn't work with <code>display: table-caption</code> elements."
              }
            ],
            "ie": {
              "version_added": "10"
            },
            "opera": [
              {
                "version_added": "11.1"
              },
              {
                "prefix": "-webkit-",
                "version_added": "15"
              }
            ],
            "opera_android": [
              {
                "version_added": "11.1"
              },
              {
                "prefix": "-webkit-",
                "version_added": "14"
              }
            ],
            "safari": [
              {
                "version_added": "9"
              },
              {
                "prefix": "-webkit-",
                "version_added": "3"
              }
            ],
            "safari_ios": [
              {
                "version_added": "9"
              },
              {
                "prefix": "-webkit-",
                "version_added": "1"
              }
            ],
            "samsunginternet_android": [
              {
                "version_added": "5.0"
              },
              {
                "prefix": "-webkit-",
                "version_added": "1.0"
              }
            ],
            "webview_android": [
              {
                "version_added": "50"
              },
              {
                "prefix": "-webkit-",
                "version_added": true
              }
            ]
          },
          "status": {
            "experimental": false,
            "standard_track": true,
            "deprecated": false
          }
        }
      }
    }
  }
}
