{
  "css": {
    "properties": {
      "content": {
        "__compat": {
          "mdn_url": "https://developer.mozilla.org/docs/Web/CSS/content",
          "support": {
            "chrome": {
              "version_added": "1"
            },
            "chrome_android": {
              "version_added": true
            },
            "edge": {
              "version_added": "12"
            },
            "firefox": {
              "version_added": "1"
            },
            "firefox_android": {
              "version_added": "4"
            },
            "ie": {
              "version_added": "8"
            },
            "opera": {
              "version_added": "4"
            },
            "opera_android": {
              "version_added": "10.1"
            },
            "safari": {
              "version_added": "1"
            },
            "safari_ios": {
              "version_added": "1"
            },
            "samsunginternet_android": {
              "version_added": true
            },
            "webview_android": {
              "version_added": "1"
            }
          },
          "status": {
            "experimental": false,
            "standard_track": true,
            "deprecated": false
          }
        },
        "element_replacement": {
          "__compat": {
            "description": "Element replacement",
            "support": {
              "chrome": {
                "version_added": true
              },
              "chrome_android": {
                "version_added": true
              },
              "edge": {
                "version_added": false
              },
              "firefox": {
                "version_added": "63"
              },
              "firefox_android": {
                "version_added": "63"
              },
              "ie": {
                "version_added": false
              },
              "opera": {
                "version_added": true
              },
              "opera_android": {
                "version_added": true
              },
              "safari": {
                "version_added": true
              },
              "safari_ios": {
                "version_added": true
              },
              "samsunginternet_android": {
                "version_added": true
              },
              "webview_android": {
                "version_added": true
              }
            },
            "status": {
              "experimental": false,
              "standard_track": true,
              "deprecated": false
            }
          }
        },
        "url": {
          "__compat": {
            "mdn_url": "https://developer.mozilla.org/docs/Web/CSS/url",
            "description": "<code>url()</code>",
            "support": {
              "chrome": {
                "version_added": "1"
              },
              "chrome_android": {
                "version_added": "18"
              },
              "edge": {
                "version_added": "12"
              },
              "firefox": {
                "version_added": "1"
              },
              "firefox_android": {
                "version_added": "4"
              },
              "ie": {
                "version_added": "8"
              },
              "opera": {
                "version_added": "7"
              },
              "opera_android": {
                "version_added": null
              },
              "safari": {
                "version_added": "1"
              },
              "safari_ios": {
                "version_added": null
              },
              "samsunginternet_android": {
                "version_added": null
              },
              "webview_android": {
                "version_added": "37"
              }
            },
            "status": {
              "experimental": false,
              "standard_track": true,
              "deprecated": false
            }
          }
        }
      }
    }
  }
}
