{
  "css": {
    "properties": {
      "custom-property": {
        "__compat": {
          "description": "--*",
          "mdn_url": "https://developer.mozilla.org/docs/Web/CSS/--*",
          "support": {
            "chrome": [
              {
                "version_added": "49"
              },
              {
                "version_added": "48",
                "flags": [
                  {
                    "type": "preference",
                    "name": "Enable experimental Web Platform features"
                  }
                ]
              }
            ],
            "chrome_android": {
              "version_added": "49"
            },
            "edge": {
              "version_added": "15"
            },
            "firefox": [
              {
                "version_added": "31"
              },
              {
                "version_added": "29",
                "version_removed": "55",
                "partial_implementation": true,
                "notes": "From Firefox 29 until Firefox 31, this feature was implemented by the <code>var-variablename</code> syntax.",
                "flags": [
                  {
                    "type": "preference",
                    "name": "layout.css.variables.enabled",
                    "value_to_set": "true"
                  }
                ]
              }
            ],
            "firefox_android": [
              {
                "version_added": "31"
              },
              {
                "version_added": "29",
                "version_removed": "55",
                "partial_implementation": true,
                "notes": "From Firefox 29 until Firefox 31, this feature was implemented by the <code>var-variablename</code> syntax.",
                "flags": [
                  {
                    "type": "preference",
                    "name": "layout.css.variables.enabled",
                    "value_to_set": "true"
                  }
                ]
              }
            ],
            "ie": {
              "version_added": false
            },
            "opera": {
              "version_added": "36"
            },
            "opera_android": {
              "version_added": "36"
            },
            "safari": {
              "version_added": "9.1"
            },
            "safari_ios": {
              "version_added": "9.1"
            },
            "samsunginternet_android": {
              "version_added": "5.0"
            },
            "webview_android": {
              "version_added": "49"
            }
          },
          "status": {
            "experimental": true,
            "standard_track": true,
            "deprecated": false
          }
        },
        "var": {
          "__compat": {
            "mdn_url": "https://developer.mozilla.org/docs/Web/CSS/var",
            "description": "<code>var()</code>",
            "support": {
              "chrome": [
                {
                  "version_added": "49"
                },
                {
                  "version_added": "48",
                  "flags": [
                    {
                      "type": "preference",
                      "name": "Enable experimental Web Platform features"
                    }
                  ]
                }
              ],
              "chrome_android": [
                {
                  "version_added": "49"
                },
                {
                  "version_added": "48",
                  "flags": [
                    {
                      "type": "preference",
                      "name": "Enable experimental Web Platform features"
                    }
                  ]
                }
              ],
              "edge": {
                "version_added": "15"
              },
              "firefox": [
                {
                  "version_added": "31"
                },
                {
                  "version_added": "29",
                  "version_removed": "55",
                  "flags": [
                    {
                      "type": "preference",
                      "name": "layout.css.variables.enabled",
                      "value_to_set": "true"
                    }
                  ]
                }
              ],
              "firefox_android": [
                {
                  "version_added": "31"
                },
                {
                  "version_added": "29",
                  "version_removed": "55",
                  "flags": [
                    {
                      "type": "preference",
                      "name": "layout.css.variables.enabled",
                      "value_to_set": "true"
                    }
                  ]
                }
              ],
              "ie": {
                "version_added": false
              },
              "opera": {
                "version_added": "36"
              },
              "opera_android": {
                "version_added": "36"
              },
              "safari": {
                "version_added": true
              },
              "safari_ios": {
                "version_added": true
              },
              "samsunginternet_android": {
                "version_added": null
              },
              "webview_android": {
                "version_added": "50"
              }
            },
            "status": {
              "experimental": true,
              "standard_track": true,
              "deprecated": false
            }
          }
        },
        "env": {
          "__compat": {
            "mdn_url": "https://developer.mozilla.org/docs/Web/CSS/env",
            "description": "<code>env()</code>",
            "support": {
              "chrome": {
                "version_added": "69"
              },
              "chrome_android": {
                "version_added": "69"
              },
              "edge": {
                "version_added": false
              },
              "firefox": {
                "version_added": "65"
              },
              "firefox_android": {
                "version_added": "65"
              },
              "ie": {
                "version_added": false
              },
              "opera": {
                "version_added": "56"
              },
              "safari": [
                {
                  "version_added": "11.1"
                },
                {
                  "version_added": "11",
                  "version_removed": "11.1",
                  "alternative_name": "constant"
                }
              ],
              "safari_ios": [
                {
                  "version_added": "11.1"
                },
                {
                  "version_added": "11",
                  "version_removed": "11.1",
                  "alternative_name": "constant"
                }
              ]
            },
            "status": {
              "experimental": true,
              "standard_track": true,
              "deprecated": false
            }
          }
        }
      }
    }
  }
}
