{
  "css": {
    "properties": {
      "font-optical-sizing": {
        "__compat": {
          "mdn_url": "https://developer.mozilla.org/docs/Web/CSS/font-optical-sizing",
          "support": {
            "chrome": {
              "version_added": false
            },
            "chrome_android": {
              "version_added": false
            },
            "edge": {
              "version_added": "17"
            },
            "firefox": [
              {
                "version_added": "62"
              },
              {
                "version_added": "60",
                "version_removed": "62",
                "flags": [
                  {
                    "type": "preference",
                    "name": "layout.css.font-variations.enabled",
                    "value_to_set": "true"
                  }
                ]
              }
            ],
            "firefox_android": [
              {
                "version_added": "62"
              },
              {
                "version_added": "60",
                "version_removed": "62",
                "flags": [
                  {
                    "type": "preference",
                    "name": "layout.css.font-variations.enabled",
                    "value_to_set": "true"
                  }
                ]
              }
            ],
            "ie": {
              "version_added": false
            },
            "opera": {
              "version_added": false
            },
            "opera_android": {
              "version_added": null
            },
            "safari": {
              "version_added": "11"
            },
            "safari_ios": {
              "version_added": "11"
            },
            "samsunginternet_android": {
              "version_added": null
            },
            "webview_android": {
              "version_added": false
            }
          },
          "status": {
            "experimental": false,
            "standard_track": true,
            "deprecated": false
          }
        }
      }
    }
  }
}
