{
  "css": {
    "properties": {
      "mask-clip": {
        "__compat": {
          "mdn_url": "https://developer.mozilla.org/docs/Web/CSS/mask-clip",
          "support": {
            "chrome": {
              "prefix": "-webkit-",
              "version_added": "1"
            },
            "chrome_android": {
              "prefix": "-webkit-",
              "version_added": "18"
            },
            "edge": {
              "version_added": false
            },
            "firefox": [
              {
                "version_added": "53"
              },
              {
                "version_added": "20",
                "version_removed": "53",
                "flags": [
                  {
                    "type": "preference",
                    "name": "layout.css.masking.enabled",
                    "value_to_set": "true"
                  }
                ]
              }
            ],
            "firefox_android": [
              {
                "version_added": "53"
              },
              {
                "version_added": "20",
                "version_removed": "53",
                "flags": [
                  {
                    "type": "preference",
                    "name": "layout.css.masking.enabled",
                    "value_to_set": "true"
                  }
                ]
              }
            ],
            "ie": {
              "version_added": false
            },
            "opera": {
              "prefix": "-webkit-",
              "version_added": "15"
            },
            "opera_android": {
              "prefix": "-webkit-",
              "version_added": "14"
            },
            "safari": {
              "prefix": "-webkit-",
              "version_added": "4"
            },
            "safari_ios": {
              "prefix": "-webkit-",
              "version_added": "3.2"
            },
            "samsunginternet_android": {
              "prefix": "-webkit-",
              "version_added": true
            },
            "webview_android": {
              "prefix": "-webkit-",
              "version_added": "2"
            }
          },
          "status": {
            "experimental": true,
            "standard_track": true,
            "deprecated": false
          }
        },
        "border": {
          "__compat": {
            "description": "<code>border<code>",
            "support": {
              "chrome": {
                "version_added": "1"
              },
              "chrome_android": {
                "version_added": "18"
              },
              "edge": {
                "version_added": false
              },
              "firefox": {
                "version_added": false
              },
              "firefox_android": {
                "version_added": false
              },
              "ie": {
                "version_added": false
              },
              "opera": {
                "version_added": "15"
              },
              "opera_android": {
                "version_added": "14"
              },
              "safari": {
                "version_added": "3.2"
              },
              "safari_ios": {
                "version_added": "3.2"
              },
              "samsunginternet_android": {
                "version_added": true
              },
              "webview_android": {
                "version_added": "2"
              }
            },
            "status": {
              "experimental": true,
              "standard_track": false,
              "deprecated": false
            }
          }
        },
        "content": {
          "__compat": {
            "description": "<code>content</content>",
            "support": {
              "chrome": {
                "version_added": "1"
              },
              "chrome_android": {
                "version_added": "18"
              },
              "edge": {
                "version_added": false
              },
              "firefox": {
                "version_added": false
              },
              "firefox_android": {
                "version_added": false
              },
              "ie": {
                "version_added": false
              },
              "opera": {
                "version_added": "15"
              },
              "opera_android": {
                "version_added": "14"
              },
              "safari": {
                "version_added": "3.2"
              },
              "safari_ios": {
                "version_added": "3.2"
              },
              "samsunginternet_android": {
                "version_added": true
              },
              "webview_android": {
                "version_added": "2"
              }
            },
            "status": {
              "experimental": true,
              "standard_track": false,
              "deprecated": false
            }
          }
        },
        "padding": {
          "__compat": {
            "description": "<code>padding</code>",
            "support": {
              "chrome": {
                "version_added": "1"
              },
              "chrome_android": {
                "version_added": "18"
              },
              "edge": {
                "version_added": false
              },
              "firefox": {
                "version_added": false
              },
              "firefox_android": {
                "version_added": false
              },
              "ie": {
                "version_added": false
              },
              "opera": {
                "version_added": "15"
              },
              "opera_android": {
                "version_added": "14"
              },
              "safari": {
                "version_added": "3.2"
              },
              "safari_ios": {
                "version_added": "3.2"
              },
              "samsunginternet_android": {
                "version_added": true
              },
              "webview_android": {
                "version_added": "2"
              }
            },
            "status": {
              "experimental": true,
              "standard_track": false,
              "deprecated": false
            }
          }
        },
        "text": {
          "__compat": {
            "description": "<code>text</code>",
            "support": {
              "chrome": {
                "version_added": "1"
              },
              "chrome_android": {
                "version_added": "18"
              },
              "edge": {
                "version_added": false
              },
              "firefox": {
                "version_added": false
              },
              "firefox_android": {
                "version_added": false
              },
              "ie": {
                "version_added": false
              },
              "opera": {
                "version_added": "15"
              },
              "opera_android": {
                "version_added": "14"
              },
              "safari": {
                "version_added": "3.2"
              },
              "safari_ios": {
                "version_added": "3.2"
              },
              "samsunginternet_android": {
                "version_added": true
              },
              "webview_android": {
                "version_added": "2"
              }
            },
            "status": {
              "experimental": true,
              "standard_track": false,
              "deprecated": false
            }
          }
        }
      }
    }
  }
}
