{
  "css": {
    "properties": {
      "outline-width": {
        "__compat": {
          "mdn_url": "https://developer.mozilla.org/docs/Web/CSS/outline-width",
          "support": {
            "chrome": {
              "version_added": "1"
            },
            "chrome_android": {
              "version_added": "18"
            },
            "edge": {
              "version_added": "12"
            },
            "firefox": [
              {
                "version_added": "1.5"
              },
              {
                "prefix": "-moz-",
                "version_added": "1",
                "version_removed": "3.6"
              }
            ],
            "firefox_android": {
              "version_added": "4"
            },
            "ie": {
              "version_added": "8"
            },
            "opera": {
              "version_added": "7"
            },
            "opera_android": {
              "version_added": null
            },
            "safari": {
              "version_added": "1.2"
            },
            "safari_ios": {
              "version_added": null
            },
            "samsunginternet_android": {
              "version_added": null
            },
            "webview_android": {
              "version_added": "37"
            }
          },
          "status": {
            "experimental": false,
            "standard_track": true,
            "deprecated": false
          }
        }
      }
    }
  }
}
