{
  "css": {
    "properties": {
      "text-decoration": {
        "__compat": {
          "mdn_url": "https://developer.mozilla.org/docs/Web/CSS/text-decoration",
          "support": {
            "chrome": {
              "version_added": "1"
            },
            "chrome_android": {
              "version_added": true
            },
            "edge": {
              "version_added": "12"
            },
            "firefox": {
              "version_added": "1"
            },
            "firefox_android": {
              "version_added": "4"
            },
            "ie": {
              "version_added": "3"
            },
            "opera": {
              "version_added": "3.5"
            },
            "opera_android": {
              "version_added": true
            },
            "safari": {
              "version_added": "1"
            },
            "safari_ios": {
              "version_added": true
            },
            "samsunginternet_android": {
              "version_added": true
            },
            "webview_android": {
              "version_added": true
            }
          },
          "status": {
            "experimental": false,
            "standard_track": true,
            "deprecated": false
          }
        },
        "blink": {
          "__compat": {
            "description": "<code>blink</code>",
            "support": {
              "chrome": {
                "version_added": false
              },
              "chrome_android": {
                "version_added": false
              },
              "edge": {
                "version_added": false
              },
              "firefox": {
                "version_added": "1",
                "version_removed": "23"
              },
              "firefox_android": {
                "version_added": "4",
                "version_removed": "23"
              },
              "ie": {
                "version_added": false
              },
              "opera": {
                "version_added": "4",
                "version_removed": "15"
              },
              "opera_android": {
                "version_added": "10.1",
                "version_removed": "14"
              },
              "safari": {
                "version_added": false
              },
              "safari_ios": {
                "version_added": false
              },
              "samsunginternet_android": {
                "version_added": "7.0"
              },
              "webview_android": {
                "version_added": false
              }
            },
            "status": {
              "experimental": false,
              "standard_track": true,
              "deprecated": true
            }
          }
        },
        "shorthand": {
          "__compat": {
            "description": "Shorthand",
            "support": {
              "chrome": {
                "version_added": "57"
              },
              "chrome_android": {
                "version_added": "57"
              },
              "edge": {
                "version_added": false
              },
              "firefox": [
                {
                  "version_added": "36"
                },
                {
                  "partial_implementation": true,
                  "version_added": "6"
                }
              ],
              "firefox_android": [
                {
                  "version_added": "36"
                },
                {
                  "partial_implementation": true,
                  "version_added": "6"
                }
              ],
              "ie": {
                "version_added": false
              },
              "opera": {
                "version_added": "44"
              },
              "opera_android": {
                "version_added": "43"
              },
              "safari": {
                "version_added": true,
                "notes": "Safari doesn't support <a href='https://developer.mozilla.org/docs/Web/CSS/text-decoration-style'><code>text-decoration-style</code></a>."
              },
              "safari_ios": {
                "version_added": "8",
                "notes": "Safari doesn't support <a href='https://developer.mozilla.org/docs/Web/CSS/text-decoration-style'><code>text-decoration-style</code></a>."
              },
              "samsunginternet_android": {
                "version_added": true
              },
              "webview_android": {
                "version_added": "57"
              }
            },
            "status": {
              "experimental": false,
              "standard_track": true,
              "deprecated": false
            }
          }
        }
      }
    }
  }
}
