{
  "css": {
    "properties": {
      "text-emphasis-color": {
        "__compat": {
          "mdn_url": "https://developer.mozilla.org/docs/Web/CSS/text-emphasis-color",
          "support": {
            "chrome": [
              {
                "version_added": "25"
              },
              {
                "prefix": "-webkit-",
                "version_added": "25"
              }
            ],
            "chrome_android": [
              {
                "version_added": "25"
              },
              {
                "prefix": "-webkit-",
                "version_added": "25"
              }
            ],
            "edge": {
              "version_added": false
            },
            "firefox": [
              {
                "version_added": "46"
              },
              {
                "version_added": "45",
                "version_removed": "49",
                "flags": [
                  {
                    "type": "preference",
                    "name": "layout.css.text-emphasis.enabled",
                    "value_to_set": "true"
                  }
                ]
              }
            ],
            "firefox_android": [
              {
                "version_added": "46"
              },
              {
                "version_added": "45",
                "version_removed": "49",
                "flags": [
                  {
                    "type": "preference",
                    "name": "layout.css.text-emphasis.enabled",
                    "value_to_set": "true"
                  }
                ]
              }
            ],
            "ie": {
              "version_added": false
            },
            "opera": [
              {
                "version_added": "15"
              },
              {
                "prefix": "-webkit-",
                "version_added": "15"
              }
            ],
            "opera_android": [
              {
                "version_added": "14"
              },
              {
                "prefix": "-webkit-",
                "version_added": "14"
              }
            ],
            "safari": [
              {
                "version_added": "6.1"
              },
              {
                "prefix": "-webkit-",
                "version_added": "6.1"
              }
            ],
            "safari_ios": [
              {
                "version_added": "7"
              },
              {
                "prefix": "-webkit-",
                "version_added": "7"
              }
            ],
            "samsunginternet_android": [
              {
                "version_added": "1.5"
              },
              {
                "prefix": "-webkit-",
                "version_added": "1.5"
              }
            ],
            "webview_android": [
              {
                "version_added": "4.4"
              },
              {
                "prefix": "-webkit-",
                "version_added": "4.4"
              }
            ]
          },
          "status": {
            "experimental": false,
            "standard_track": true,
            "deprecated": false
          }
        }
      }
    }
  }
}
